{
  "precision@3": 0.8666666666666666,
  "recall@3": 0.25745425200113414,
  "map@3": 0.25745425200113414
}